word,count,source
#fyp,315,both
#viral,126,both
#foryou,95,both
#foryoupage,79,both
#trending,59,both
#fypシ,56,both
#travel,52,both
#fy,51,both
#traveltiktok,36,both
#bali,35,tuning
#relatable,32,both
#exploreasia,31,tuning
#summer2025,29,tuning
#funny,29,both
#perth,24,tuning
#australia,24,tuning
#paradise,23,tuning
#beachvibes,22,tuning
#indonesia,22,tuning
#backpack,21,tuning
#whv417,19,tuning
#traveling,19,tuning
#aus,19,tuning
#workingholidayvisa,19,tuning
#workingholiday,18,tuning
#memes,17,both
#movingtoaustralia,17,tuning
#beach,17,tuning
#whv,17,tuning
#russia,17,tuning
#tiktok,17,both
#asia,16,both
#germany,16,both
#trend,15,both
#CapCut,15,both
#meme,15,both
#travellife,14,tuning
#backpacking,14,tuning
#viralvideo,14,both
#outfitinspo,13,tuning
#voorjoupagina,13,both
#country,13,both
#summerstyle,13,tuning
#ocean,13,both
#Erfolgsmensch,12,tuning
#gaming,12,tuning
#travelling,11,tuning
#fyppppppppppppppppppppppp,11,both
#foodtok,11,both
#MindsetDeutschland,11,tuning
#PsychologieVerstehen,11,tuning
#Selbstliebe,11,tuning
#ErfolgIstKeinZufall,11,tuning
#karlsruhe,11,tuning
#MentaleStärke,11,tuning
#LiebeDichSelbst,11,tuning
#DenkenÄndertAlles,11,tuning
#WachstumDenken,11,tuning
#summeroutfit,11,tuning
#ai,11,browsing
#prettylittlebaby,11,tuning
#voorjou,11,both
#digitalnomad,11,tuning
#fremantle,11,tuning
#whattowearclothes,11,tuning
#nederland,10,both
#summer,10,both
#city,10,tuning
#squidgame,10,browsing
#isupportrussia,10,tuning
#fashion,10,both
#fypage,10,both
#thingstodo,10,tuning
#chinatiktok,10,tuning
#dmusoninstagramfororder,10,tuning
#comeshopwithme,9,tuning
#winter,9,tuning
#edit,9,both
#landscape,9,tuning
#komodo,9,tuning
#travelgermany,9,tuning
#pourtoiiii,9,tuning
#summerfashion,9,tuning
#outfit,9,tuning
#sahabatasiatour,9,tuning
#gilitrawangan,9,tuning
#traveltok,9,tuning
#baby,8,both
#mindset,8,both
#asiatour,8,tuning
#goviral,8,both
#food,7,both
#gym,7,browsing
#china,7,tuning
#wanderlust,7,tuning
#coloranalysis,7,tuning
#travelhajidanumroh,7,tuning
#fyppp,7,browsing
#holidayoutfit,7,tuning
#travelguide,7,tuning
#canggu,7,tuning
#makkah,7,tuning
#redarmy,7,tuning
#real,7,browsing
#veo3,7,browsing
#backpackinglife,7,tuning
#karlsruhersc,7,tuning
#sunset,7,both
#sun,7,tuning
#workingholidayaustralia,6,tuning
#wedding,6,both
#Z,6,tuning
#denkenändern,6,tuning
#persönlichkeitsentwicklung,6,tuning
#motivationdeutsch,6,tuning
#travelhajijakarta,6,tuning
#travelhaji,6,tuning
#creatorsearchinsights,6,both
#viralvideos,6,both
#game,6,both
#dresses,6,tuning
#denimtears,6,tuning
#streetwear,6,tuning
#london,6,both
#mustsee,6,tuning
#mindsetmix,6,tuning
#erfolgsmindset,6,tuning
#wander,6,tuning
#mentalestärke,6,tuning
#hajikhusus,6,tuning
#business,6,tuning
#humor,6,browsing
#AchtsamkeitLebenm,6,tuning
#usa,6,both
#erfolg,6,tuning
#pov,5,both
#louisvuitton,5,tuning
#capsulewardrobe,5,tuning
#summeroutfits,5,tuning
#viraal,5,browsing
#thingstodoinperth,5,tuning
#surfing,5,tuning
#ww3,5,browsing
#squidgameseason3,5,browsing
#football,5,browsing
#soccer,5,browsing
#xyzbca,5,browsing
#foryouu,5,both
#photography,5,tuning
#styleinspo,5,both
#chinabestcountry,5,tuning
#hajj2025,5,tuning
#outfitideas,5,both
#family,5,both
#vacation,5,tuning
#funnytiktok,5,browsing
#friends,5,both
#prank,5,browsing
#ubud,5,tuning
#4u,5,tuning
#netherlands,5,browsing
#cat,5,browsing
#tinydecisions,5,tuning
#blowup,5,browsing
#drip,5,tuning
#giftok,5,browsing
#squidgame3,5,browsing
#hajj,5,tuning
#travelterpercaya,5,tuning
#mountain,4,tuning
#islandlife,4,tuning
#politie,4,both
#cute,4,browsing
#gamer,4,tuning
#fypnl,4,browsing
#grappig,4,browsing
#mountains,4,tuning
#airport,4,both
#hiddengems,4,tuning
#phonecall,4,browsing
#brookeandjubal,4,browsing
#f1,4,browsing
#gymhumor,4,both
#gymtok,4,both
#dateupdate,4,browsing
#explore,4,both
#singapore,4,tuning
#itinerary,4,tuning
#xijinping,4,tuning
#socialcreditscore,4,tuning
#school,4,both
#foodlover,4,browsing
#TKMaxxTalentShow,4,tuning
#Karlsruhe,4,tuning
#video,4,both
#japan,4,both
#holiday,4,both
#girls,4,both
#love,4,both
#trav,4,tuning
#squidgamenetflix,4,browsing
#dashcam,4,browsing
#brainrot,4,both
#fashiontiktok,4,tuning
#summerdress,4,tuning
#dance,4,browsing
#trendingvideo,4,both
#traveltips,4,tuning
#socialcredit,4,tuning
#solotravel,4,tuning
#offerprice,4,tuning
#season3,4,browsing
#tiktokfashion,3,tuning
#aesthetic,3,tuning
#parisfashionweek,3,tuning
#222,3,browsing
#hermes,3,both
#billieeilish,3,both
#serpentine,3,tuning
#nafartsani,3,tuning
#hajitamattu,3,tuning
#theend,3,browsing
#blowthisup,3,browsing
#like,3,both
#asaprocky,3,tuning
#dailystyle,3,tuning
#whattowear,3,tuning
#europe,3,browsing
#officeoutfit,3,tuning
#holidaystyle,3,tuning
#newarrivals,3,tuning
#lightspring,3,tuning
#outfits,3,tuning
#operationjoy2022,3,tuning
#women,3,both
#basketball,3,browsing
#tiktokmademebuyit,3,browsing
#throwback,3,tuning
#kyliejenner,3,tuning
#rihanna,3,tuning
#dubai,3,both
#corteiz,3,tuning
#lunablaise,3,tuning
#livinginaustralia,3,tuning
#sports,3,browsing
#funnyvideo,3,browsing
#fun,3,both
#top,3,tuning
#bestgame,3,tuning
#hairtok,3,both
#surf,3,tuning
#hike,3,tuning
#jurassicworldrebirth,3,tuning
#top10,3,tuning
#funnyvideos,3,browsing
#storytime,3,both
#fatbike,3,browsing
#traveltheworld,3,tuning
#southeastasia,3,tuning
#thailand,3,tuning
#relationship,3,both
#KFCLegendaryXmas,3,tuning
#clothes,3,both
#grab,3,tuning
#umrohnyaman,3,tuning
#travelumroh,3,tuning
#dior,3,tuning
#formula1,3,browsing
#austriangp,3,browsing
#memories,3,both
#wisatadeals,3,tuning
#synaworld,3,tuning
#couple,3,both
#asmr,3,browsing
#AchtsamkeitLeben,3,tuning
#social,3,tuning
#f,3,both
#travelinspiration,3,tuning
#sidemen,3,both
#uitgaan,3,browsing
#streetfood,3,both
#hair,3,both
#blonde,3,both
#bsf,3,browsing
#sad,3,both
#cars,3,both
#workoutfit,3,both
#xybca,3,browsing
#quiz,3,browsing
#athlete,3,browsing
#gamergirl,3,tuning
#glowup,3,both
#run,3,both
#foodreview,3,both
#wlw,3,browsing
#britneymanson,3,tuning
#track,2,browsing
#serpentinegallery,2,tuning
#cambodia,2,tuning
#ww3memes,2,browsing
#philippines,2,tuning
#grappigefilmpjes,2,browsing
#southeastasiatravel,2,tuning
#Nederland,2,browsing
#adventure,2,tuning
#dancersoftiktok,2,browsing
#Budget,2,browsing
#Levenskosten,2,browsing
#robertpattinson,2,tuning
#sabrinacarpenter,2,tuning
#jonathananderson,2,tuning
#Dior,2,tuning
#vietnam,2,tuning
#abercrombie,2,tuning
#skirt,2,tuning
#viral_video,2,browsing
#uk,2,both
#dutchsummer,2,browsing
#girlhood,2,browsing
#dutchiescanrelate,2,browsing
#dancer,2,browsing
#brunette,2,both
#style,2,both
#fyy,2,browsing
#wtf,2,browsing
#uktiktok,2,browsing
#reddit,2,browsing
#askreddit,2,browsing
#kmartaus,2,tuning
#makeup,2,both
#cocacola,2,browsing
#tuff,2,browsing
#hairtransformation,2,both
#friendship,2,tuning
#trollface,2,browsing
#holidayvibes,2,tuning
#name,2,browsing
#London,2,tuning
#runtok,2,both
#travelhacks,2,tuning
#streetstyle,2,tuning
#africa,2,browsing
#bestofbali,2,tuning
#bucketlist,2,tuning
#alexia,2,browsing
#4up,2,tuning
#alexiavanoranje,2,browsing
#livehighlights,2,both
#amalia,2,browsing
#maxima,2,browsing
#horror,2,both
#twins,2,browsing
#nusapenida,2,tuning
#duet,2,tuning
#maxverstappen,2,browsing
#ginnyandgeorgia,2,browsing
#merrychristmas,2,tuning
#motorsport,2,browsing
#sport,2,browsing
#fypp,2,browsing
#footballtiktok,2,browsing
#christmastime,2,tuning
#bestview,2,tuning
#cutebaby,2,browsing
#classy,2,tuning
#ypiasia,2,tuning
#wholesome,2,tuning
#rockthatbody,2,tuning
#glastonbury,2,tuning
#suzanenfreek,2,tuning
#bluelava,2,tuning
#veo,2,browsing
#cool,2,both
#nusalembongan,2,tuning
#italianbrainrot,2,tuning
#fallfashion,2,tuning
#catlover,2,browsing
#oldmoney,2,both
#komodoisland,2,tuning
#motivation,2,browsing
#coachella,2,tuning
#grwm,2,tuning
#partyoutfit,2,tuning
#island,2,tuning
#fortnite,2,browsing
#sunrise,2,tuning
#sundayfunday,2,tuning
#hairstyle,2,both
#walks,2,tuning
#backpacker,2,tuning
#pc,2,tuning
#chinabestbest,2,tuning
#chinatown,2,tuning
#onepiecememes,2,browsing
#gamingsetup,2,tuning
#chinatik,2,tuning
#chatgpt,2,browsing
#SimsSelves,2,tuning
#quatar2022,2,tuning
#chinabest,2,tuning
#socialcreditsystem,2,tuning
#centralcee,2,tuning
#cakeart,2,browsing
#cutegore,2,tuning
#art,2,both
#restaurant,2,browsing
#relate,2,browsing
#kendalljenner,2,tuning
#weddinglineup,2,browsing
#celebritystyle,2,tuning
#bestie,2,browsing
#freunde,2,browsing
#xiaomi,2,tuning
#UCL,2,browsing
#bikelife,2,browsing
#qna,2,browsing
#loveisland,2,browsing
#fu,2,both
#sketch,2,both
#fürdich,2,browsing
#quiztime,2,browsing
#trendy,2,both
#karlsruhemix,2,tuning
#malossi,2,browsing
#oom,2,both
#boyfriend,2,browsing
#amsterdam,2,both
#hamburg,2,tuning
#xyzabc,2,browsing
#sidequest,2,both
#nl,2,browsing
#Denjo,2,tuning
#golf,2,browsing
#promomakanliburan,2,browsing
#memestiktok,2,tuning
#girltok,2,browsing
#bmw,2,tuning
#boy,2,browsing
#rain,2,tuning
#anime,2,browsing
#ulmcity,2,tuning
#omroepbrabant,2,browsing
#slovakia,2,tuning
#ootd,2,tuning
#holidayfashion,2,tuning
#coffee,2,tuning
#netflix,2,browsing
#camera,2,browsing
#placestovisit,2,tuning
#asian,2,browsing
#elizabethquay,2,tuning
#hairdresser,2,both
#workingholidayvisas,2,tuning
#dolphins,2,tuning
#dolphinspotting,2,tuning
#sunsetlover,2,tuning
#contentcreation,2,browsing
#dinner,2,browsing
#concert,2,browsing
#berlin,2,tuning
#hashtag,2,browsing
#landwirtschaft,2,tuning
#volleyball,2,browsing
#wörthersee,2,tuning
#prom,2,browsing
#scary,2,browsing
#mermaid,2,both
#jumbo,2,both
#gif,2,browsing
#learnontiktok,2,browsing
#horrortok,2,both
#trends,2,both
#nostalgia,2,browsing
#xybcafyp,2,browsing
#eindhoven,2,browsing
#falloutfits,2,tuning
#autumnoutfits,2,tuning
#Meme,2,browsing
#mentality,2,browsing
#viraalgaanisookgaan,2,browsing
#player222,2,browsing
#foryour,2,browsing
#end,2,browsing
#travelumrohjakarta,2,tuning
#videoviral,2,both
#reels,2,both
#videogames,2,both
#dailyoutfits,2,tuning
#hajiamannyamantenang,2,tuning
#challenge,2,browsing
#oranjenassau,2,browsing
#top10games,2,tuning
#brazil,2,browsing
#respectfulparenting,2,both
#asiatravel,2,tuning
#maktabvip111,2,tuning
#italy,2,both
#stripesshirtoutfit,2,tuning
#herkenbaar,2,browsing
#2man,2,browsing
#story,2,both
#hmfashion,2,tuning
#ijs,2,browsing
#coloranalysistok,2,tuning
#countries,2,both
#bf,2,browsing
#koningshuis,2,both
#styletip,2,tuning
#mango,2,both
#jesuslovesyou,2,browsing
#Travel,2,both
#sportstiktok,2,browsing
#girlfriend,2,browsing
#pulangkeindonesia,2,tuning
#willemalexander,2,both
#cos,2,tuning
#hajimabrurohinsyallah,2,tuning
#visahaji,2,tuning
#foru,2,browsing
#undertones,2,tuning
#hajitamatu,2,tuning
#koning,2,both
#crash,2,both
#tour,2,tuning
#india,2,browsing
#liveinstagram,2,tuning
#PixVerse,2,browsing
#jeddah,2,tuning
#party,2,both
#tiktoknederland,2,browsing
#matchingset,2,tuning
#happy,2,browsing
#madinah,2,tuning
#classof2025,2,browsing
#marokko,2,tuning
#paketumroh,2,tuning
#trucks,2,browsing
#tiktoksupremecourt,2,tuning
#foryoupagе,2,browsing
#interview,2,browsing
#workwear,2,tuning
#reelsinstagram,2,tuning
#umroh,2,tuning
#games,2,tuning
#Tatcha,2,browsing
#asiatourtravel,2,tuning
#blowthisupforme,2,browsing
#tiktokstrategy,2,browsing
#vrachtwagenchauffeur,2,browsing
#mobilegame,2,tuning
#pcgaming,2,tuning
#bikini,1,tuning
#mfw,1,tuning
#nazazy,1,tuning
#egyptiandesigner,1,tuning
#momtok,1,tuning
#bridalgown,1,tuning
#bridallook,1,tuning
#dayinmylife,1,tuning
#zarahaul,1,tuning
#narasmithrecipe,1,tuning
#bridalveil,1,tuning
#plussizeshirt,1,tuning
#fashionweek,1,tuning
#Olympics,1,tuning
#VogueWorld,1,tuning
#whitedress,1,tuning
#edwardcullen,1,tuning
#fashionhacks,1,tuning
#twilight,1,tuning
#luckybluesmith,1,tuning
#novakdjokovic,1,tuning
#nextdress,1,tuning
#moots,1,tuning
#arabiabride,1,tuning
#EmilyInParis,1,tuning
#Challengers,1,tuning
#Sylvie,1,tuning
#bridalgow,1,tuning
#trendingweddingdress,1,tuning
#stripesshirt,1,tuning
#Zendaya,1,tuning
#bridedress,1,tuning
#luckybluesmithmodel,1,tuning
#christmas,1,tuning
#narasmith,1,tuning
#pinkstripes,1,tuning
#manchild,1,tuning
#wha,1,tuning
#halloweenlook,1,tuning
#titanic,1,tuning
#clubllondon,1,tuning
#christmasdress,1,tuning
#christmaspartyoutfit,1,tuning
#christianlouboutin2025,1,tuning
#louboutin,1,tuning
#christianlouboutin,1,tuning
#dmusininstagramfororder,1,tuning
#ashistudio8PM,1,tuning
#ashistudio,1,tuning
#seventhu,1,tuning
#ashi,1,tuning
#waadaloqaili,1,tuning
#saleprice,1,tuning
#rubatursun,1,tuning
#corsetjacket,1,tuning
#rtw,1,tuning
#greenpufferjacket,1,tuning
#sale,1,tuning
#formalpant,1,tuning
#shirt,1,tuning
#jwpei,1,tuning
#dadsoftiktok,1,tuning
#softlifestyle,1,tuning
#stretchable,1,tuning
#paris2024,1,tuning
#voguegermany,1,tuning
#milanfashionweek,1,tuning
#uniqlo,1,tuning
#beautytok,1,tuning
#pfw,1,tuning
#かわいい子,1,tuning
#walkyourworth,1,tuning
#ledefileloreal,1,tuning
#lorealparis,1,tuning
#violadavis,1,tuning
#lvmh,1,tuning
#max,1,tuning
#basictee,1,tuning
#lawroach,1,tuning
#stripes,1,tuning
#zendaya,1,tuning
#luxury,1,tuning
#eyelashes,1,tuning
#luxurylifestyle,1,tuning
#springstyle,1,tuning
#springoutfit,1,tuning
#pjset,1,tuning
#capsulewardrobestyle,1,tuning
#viscose,1,tuning
#WhoWhatWear_May_Cover,1,tuning
#devilwearsprada,1,tuning
#mangoco,1,tuning
#SheriffArcane,1,tuning
#memesoftiktok,1,tuning
#kesfet,1,tuning
#peshawar,1,tuning
#gnarly,1,tuning
#zaraaddict,1,tuning
#pes,1,tuning
#hm,1,tuning
#summeroutfitideas,1,tuning
#coordsets,1,tuning
#denimoutfit,1,tuning
#ChampionBundles,1,tuning
#zarafashion,1,tuning
#zaraoutfit,1,tuning
#UnlockAllValorant,1,tuning
#autumnstyle,1,tuning
#robloxedit,1,tuning
#robloxfyp,1,tuning
#coords,1,tuning
#roblox,1,tuning
#robuxroblox,1,tuning
#robux,1,tuning
#festivaloutfit,1,tuning
#taser,1,tuning
#turkish,1,tuning
#memesdeutsch,1,tuning
#capitalbra,1,tuning
#LE_SSERAFIM,1,tuning
#karlsruheinsider,1,tuning
#gamers,1,tuning
#vacationstyle,1,tuning
#classystyle,1,tuning
#blazerstyle,1,tuning
#gamingmemes,1,tuning
#fashioninspo,1,tuning
#whatimwearing,1,tuning
#agosteakarlsruhe,1,tuning
#karlsruhermess,1,tuning
#teamwork,1,tuning
#pietrolombardi,1,tuning
#marksandspencer,1,tuning
#kanzlerin,1,tuning
#zarawoman,1,tuning
#teamworkmakesthedreamwork,1,tuning
#kscmeineheimat,1,tuning
#ukfashion,1,tuning
#hamburgersv,1,tuning
#myoutfit,1,tuning
#hsv,1,tuning
#whatiwore,1,tuning
#ksc,1,tuning
#teamworkunder10k,1,tuning
#angelamerkel,1,tuning
#morocco,1,tuning
#perfumes,1,tuning
#festivalstyle,1,tuning
#TheFittingRoom,1,tuning
#90sfashion,1,tuning
#kawaiicore,1,tuning
#whattowearfor,1,tuning
#citybreak,1,tuning
#autumnoutfit,1,tuning
#newinstore,1,tuning
#AlexanderMcQueen,1,tuning
#newyearoutfit2025,1,tuning
#StoriesOnZalando,1,tuning
#gurokawaii,1,tuning
#manifestnetflix,1,tuning
#japanesehorror,1,tuning
#graphictees,1,tuning
#princessdiana,1,tuning
#thrifting,1,tuning
#europeanfashion,1,tuning
#thrifttok,1,tuning
#milkywhitenails,1,tuning
#WhatDoIWear,1,tuning
#Zalando,1,tuning
#nailpolish,1,tuning
#pedicure,1,tuning
#LisFrankenstein,1,tuning
#르세라핌,1,tuning
#waystowear,1,tuning
#sydneysweeney,1,tuning
#tshirt,1,tuning
#linen,1,tuning
#nike,1,tuning
#trapstar,1,tuning
#massimodutti,1,tuning
#skirtoutfits,1,tuning
#butteryellow,1,tuning
#nofs,1,tuning
#chromehearts,1,tuning
#yellowoutfit,1,tuning
#gyaru,1,tuning
#flaredjeans,1,tuning
#sneakers,1,tuning
#stussy,1,tuning
#asicsgelnyc,1,tuning
#perfum,1,tuning
#creepycute,1,tuning
#trendingnow,1,tuning
#summerfits,1,tuning
#neutralstyle,1,tuning
#highstreetfashion,1,tuning
#lv,1,tuning
#pinkcore,1,tuning
#sweater,1,tuning
#short,1,tuning
#sequins,1,tuning
#goldenglobes2025,1,tuning
#newyear2025,1,tuning
#kibbe,1,tuning
#oliviarodrigo,1,tuning
#pinkpantheress,1,tuning
#charlixcx,1,tuning
#blondetobrown,1,tuning
#newhair,1,tuning
#gossipgirl,1,tuning
#polkadots,1,tuning
#KendallJenner,1,tuning
#kibbebodytypes,1,tuning
#virtualstylist,1,tuning
#chanelcruiseshow,1,tuning
#softnatural,1,tuning
#gracieabrams,1,tuning
#chanelcruise2023,1,tuning
#sofiarichie,1,tuning
#WWWFestiveHouse,1,tuning
#werecoloranalysts,1,tuning
#coolgirlstyle,1,tuning
#colorpalette,1,tuning
#marriage,1,tuning
#whowhatwear,1,tuning
#size14style,1,tuning
#curvystyle,1,tuning
#midsizefashion,1,tuning
#mattyhealy,1,tuning
#raye,1,tuning
#straightrelationships,1,tuning
#bradmondo,1,tuning
#monochromatic,1,tuning
#forupage,1,tuning
#Mahalia,1,tuning
#dramaticclassic,1,tuning
#zomer,1,tuning
#cateblanchett,1,tuning
#kibbetype,1,tuning
#Glastonbury,1,tuning
#Lordes,1,tuning
#blondetobrunette,1,tuning
#hairdresserreacts,1,tuning
#pharrell,1,tuning
#transformation,1,tuning
#moncler,1,tuning
#kleren,1,tuning
#blairwaldorf,1,tuning
#outfitidea,1,tuning
#hotweatheroutfit,1,tuning
#haircolor,1,tuning
#mens,1,tuning
#milan,1,tuning
#diyhair,1,tuning
#MFW,1,tuning
#doechii,1,tuning
#dating,1,tuning
#sequinseason,1,tuning
#georgiamayjagger,1,tuning
#stitch,1,tuning
#blackmomsbelike,1,tuning
#thejacksoncrew,1,tuning
#positiveparenting,1,tuning
#consciousteacher,1,tuning
#urbanexploring,1,tuning
#urbex,1,tuning
#alliwantforchristmas,1,tuning
#makemywishcometrue,1,tuning
#mariahcarey,1,tuning
#blackmoms,1,tuning
#parentingtips,1,tuning
#happythanksgiving,1,tuning
#urbanexplorer,1,tuning
#giving,1,tuning
#aestheticoutfits,1,tuning
#men,1,tuning
#helpinghand,1,tuning
#presents,1,tuning
#christiantiktok,1,tuning
#blackfridaydeals,1,tuning
#highfashion,1,tuning
#voiceeffects,1,tuning
#GenshinImpact33,1,tuning
#haveyourselfamerrylittlechristmas,1,tuning
#blackmotherhood,1,tuning
#gentleparenting,1,tuning
#minidress,1,tuning
#hostagesituation,1,tuning
#partyfitcheck,1,tuning
#wwwfestivehouse,1,tuning
#throwbackthursday,1,tuning
#dream,1,tuning
#not,1,tuning
#surprise,1,tuning
#scam,1,tuning
#scammers,1,tuning
#scammed,1,tuning
#proposal,1,tuning
#pumpkinseason,1,tuning
#trauma,1,tuning
#urbanphotography,1,tuning
#phonescam,1,tuning
#ShowYourJOWO,1,tuning
#oldmoneyaesthetic,1,tuning
#abandonedphotography,1,tuning
#abandoned,1,tuning
#blackparenting,1,tuning
#consciousparenting,1,tuning
#womenfashion,1,tuning
#abandonedplaces,1,tuning
#explorer,1,tuning
#exploring,1,tuning
#LilyAllen,1,tuning
#cambryansedlick,1,tuning
#newyearoutfit,1,tuning
#demimoore,1,tuning
#coolundertones,1,tuning
#coolwinter,1,tuning
#lvxmurakami,1,tuning
#murakami,1,tuning
#louisvuittonmen,1,tuning
#blackscreenlyrics,1,tuning
#lvmen,1,tuning
#colorpallete,1,tuning
#menbags,1,tuning
#lvbags,1,tuning
#celebglam,1,tuning
#schiaparelli,1,tuning
#coloranslysis,1,tuning
#workoutfits,1,tuning
#worklife,1,tuning
#whattowearbyalyashoukry,1,tuning
#حروف,1,tuning
#عربي,1,tuning
#styletips,1,tuning
#colorseason,1,tuning
#softsummer,1,tuning
#arabicletters,1,tuning
#tulleskirt,1,tuning
#outfitinspo2023,1,tuning
#brightwinter,1,tuning
#lvbag,1,tuning
#couture,1,tuning
#fashionfashion,1,tuning
#odlrprefall2025,1,tuning
#oscardelarentaprefall2025,1,tuning
#oscardelarenta,1,tuning
#bluedress,1,tuning
#lyrics_songs,1,tuning
#bluegown,1,tuning
#cheneychan,1,tuning
#jackfrost,1,tuning
#classicoutfit,1,tuning
#song,1,tuning
#christmaspast,1,tuning
#thegrinch,1,tuning
#billieeilishedits,1,tuning
#slowed,1,tuning
#christmasoutfit,1,tuning
#stylingchristmas,1,tuning
#wisdomkaye,1,tuning
#restyle,1,tuning
#christmasmusic,1,tuning
#makeover,1,tuning
#goldenglobes,1,tuning
#balmain,1,tuning
#ellefanning,1,tuning
#murakamibag,1,tuning
#blazeroutfit,1,tuning
#ombredress,1,tuning
#harrisreed,1,tuning
#bridalshowerparty,1,tuning
#celinedion,1,tuning
#jlo,1,tuning
#worcesterma,1,tuning
#camilacabello,1,tuning
#permanentjewelrymass,1,tuning
#permanentjewelryworcester,1,tuning
#cotswolds,1,tuning
#countryside,1,tuning
#massachusettsweddingvenue,1,tuning
#bridalshowerideas,1,tuning
#WWWSummerHouse,1,tuning
#britishcountryside,1,tuning
#موسم_الرياض,1,tuning
#bachelotetteweek,1,tuning
#bachelotettepartyinspo,1,tuning
#summeroitfitsinspo,1,tuning
#silkskirt,1,tuning
#ChetLo,1,tuning
#keeptiktok,1,tuning
#tiktokban,1,tuning
#hotboysummer,1,tuning
#supremecourt,1,tuning
#pinkgaming,1,tuning
#BiancaJagger,1,tuning
#riyadhseason,1,tuning
#ايلي_صعب,1,tuning
#styleideasdaily,1,tuning
#stylist,1,tuning
#vogue,1,tuning
#menswear,1,tuning
#glowupstyle,1,tuning
#2ares,1,tuning
#applewatchstrap,1,tuning
#applewatch,1,tuning
#amandaseyfried,1,tuning
#kleding,1,tuning
#pinterest,1,tuning
#pink,1,tuning
#birkin,1,tuning
#birkinbags,1,tuning
#الرياض,1,tuning
#darkwinter,1,tuning
#مصر,1,tuning
#دبي,1,tuning
#egypt,1,tuning
#DisneyParksVoices,1,tuning
#fffffffffffyyyyyyyyyyypppppppppppp,1,tuning
#intimateevents,1,tuning
#storytimes,1,tuning
#Prada,1,tuning
#eventspace,1,tuning
#سعودية,1,tuning
#Londonfields,1,tuning
#videogame,1,tuning
#girlgamer,1,tuning
#forgiveness,1,tuning
#curvytiktok,1,tuning
#whatwomenwear,1,tuning
#umroh1447h,1,tuning
#streetstylemadrid,1,tuning
#ankara,1,tuning
#pamukkale,1,tuning
#kusadasi,1,tuning
#bursa,1,tuning
#istanbul,1,tuning
#bosphoruscruise,1,tuning
#madridstyle,1,tuning
#streetstyleinspo,1,tuning
#cappadocia,1,tuning
#summerlooks,1,tuning
#spanishstyle,1,tuning
#greenenergy,1,tuning
#turki,1,tuning
#fashionmadrid,1,tuning
#streetstyleblogger,1,tuning
#flores,1,tuning
#littleindiasg,1,tuning
#littleindia,1,tuning
#luluspartner,1,tuning
#komodoislands,1,tuning
#lovelulus,1,tuning
#sunriseview,1,tuning
#mountbatur,1,tuning
#nyepi,1,tuning
#ogohogoh,1,tuning
#umrohplus,1,tuning
#umrohplusthaif,1,tuning
#workwearstyle,1,tuning
#twopointmuseum,1,tuning
#citytourthaif,1,tuning
#monsterhunterwilds,1,tuning
#umrah,1,tuning
#tiktoklive,1,tuning
#vaksinmaningitis,1,tuning
#citytourmakkah,1,tuning
#umrohplusjeddah,1,tuning
#qatar,1,tuning
#doha,1,tuning
#splitfiction,1,tuning
#umrahplusdohaqatar,1,tuning
#lostrecords,1,tuning
#testimonihaji,1,tuning
#atomfall,1,tuning
#umrohplusturki,1,tuning
#OOTD,1,tuning
#tourism,1,tuning
#chongqingcity,1,tuning
#chongqing,1,tuning
#tripmurah,1,tuning
#Zhangjiajie,1,tuning
#Chongqing,1,tuning
#muslimtour,1,tuning
#casualoutfits,1,tuning
#everydaystyle,1,tuning
#albalad,1,tuning
#amazonfashion,1,tuning
#umrohplushistoricjeddah,1,tuning
#fashiontips,1,tuning
#elevateyourstyle,1,tuning
#zipline,1,tuning
#see,1,tuning
#girltalk,1,tuning
#bigsisteradvice,1,tuning
#exolorebalj,1,tuning
#thomasbeach,1,tuning
#bigsister,1,tuning
#bratok,1,tuning
#canweskiptothegoodpart,1,tuning
#traveltransition,1,tuning
#oceantherapy,1,tuning
#summervibe,1,tuning
#aroundtheworld,1,tuning
#lefkada,1,tuning
#greece,1,tuning
#skyscanner,1,tuning
#pourtoii,1,tuning
#babynameslist,1,tuning
#manifestation,1,tuning
#54321,1,tuning
#quotesaboutlife,1,tuning
#lifeadvice,1,tuning
#experiences,1,tuning
#coupletravel,1,tuning
#solofemaletravel,1,tuning
#baliindonesia,1,tuning
#denguefever,1,tuning
#poetsoftiktok,1,tuning
#poetry,1,tuning
#solobackpacker,1,tuning
#pourtoi,1,tuning
#simplefits,1,tuning
#therapy,1,tuning
#coolmom,1,tuning
#dreamy,1,tuning
#sand,1,tuning
#heroes,1,tuning
#thefunction,1,tuning
#gojek,1,tuning
#trendymom,1,tuning
#comfymom,1,tuning
#luna,1,tuning
#beachclub,1,tuning
#foodtiktok,1,tuning
#foodietiktok,1,tuning
#foodie,1,tuning
#drive,1,tuning
#pinkbeach,1,tuning
#simpleoutfit,1,tuning
#heaven,1,tuning
#momoutfitinspo,1,tuning
#komododragon,1,tuning
#trendyoutfits,1,tuning
#sanur,1,tuning
#volunteer,1,tuning
#momstyle,1,tuning
#momoutfits,1,tuning
#ootdfashion,1,tuning
#whattoweartoday,1,tuning
#ijen,1,tuning
#wfhoutfit,1,tuning
#java,1,tuning
#thaif,1,tuning
#gamingontiktok,1,tuning
#jumrah,1,tuning
#SoutheastAsiaTravel,1,tuning
#EpicDestinations,1,tuning
#Wanderlust,1,tuning
#GlobeRank,1,tuning
#newgames,1,tuning
#Adventure,1,tuning
#TravelTheWorld,1,tuning
#Travel2025,1,tuning
#CambodiaCulture,1,tuning
#ps5games,1,tuning
#VietnamEats,1,tuning
#IndonesiaAdventure,1,tuning
#PhilippinesTravel,1,tuning
#ThailandTrip,1,tuning
#Top5List,1,tuning
#TravelTips,1,tuning
#placestogo,1,tuning
#travelvideos,1,tuning
#travelvideo,1,tuning
#travelbucketlist,1,tuning
#dailygamer,1,tuning
#assassinscreed,1,tuning
#asiasolotravel,1,tuning
#acshadows,1,tuning
#asiatravelling,1,tuning
#solotraveldestinations,1,tuning
#solotravelling,1,tuning
#solotraveler,1,tuning
#travelasia,1,tuning
#TravelDestinations,1,tuning
#TravelPhilippines,1,tuning
#globe,1,tuning
#vrgaming,1,tuning
#topgame,1,tuning
#steamgames,1,tuning
#top7,1,tuning
#top7hub,1,tuning
#2025,1,tuning
#cold,1,tuning
#vr,1,tuning
#virtualrealitygames,1,tuning
#vrgame,1,tuning
#meta,1,tuning
#gameplay,1,tuning
#oculusquest2,1,tuning
#oculus,1,tuning
#freevrgames,1,tuning
#TravelIndonesia,1,tuning
#metaquest2,1,tuning
#vrgames,1,tuning
#metaquest,1,tuning
#virtualreality,1,tuning
#horrorgames,1,tuning
#jumpscare,1,tuning
#hd,1,tuning
#bestcountries,1,tuning
#myfavouritecountries,1,tuning
#solobackpackers,1,tuning
#solotravelgirl,1,tuning
#backpackingseasia,1,tuning
#BaliTravel,1,tuning
#fouryou,1,tuning
#miralemhy7,1,tuning
#pulangkampung,1,tuning
#gooddog,1,tuning
#topgames,1,tuning
#familylife,1,tuning
#helpmijnmanisklusser,1,tuning
#klussen,1,tuning
#nowifigame,1,tuning
#offlinegame,1,tuning
#whitehouse,1,tuning
#bestgames,1,tuning
#klushuis,1,tuning
#huisverbouwen,1,tuning
#huiskopen,1,tuning
#whattoplay,1,tuning
#gameoftheyear,1,tuning
#foryoug,1,tuning
#charlottesrecovering,1,tuning
#fypf,1,tuning
#comedyvideo,1,tuning
#fittok,1,tuning
#swsh,1,tuning
#winkel,1,tuning
#mertabi,1,tuning
#sahabatandamenujubaitullah,1,tuning
#hajiquotapemerintah2025,1,tuning
#hajiresmi2025,1,tuning
#hajiONHquota2025,1,tuning
#haji2025,1,tuning
#hajikhusus2025,1,tuning
#goty,1,tuning
#Wedorecover,1,tuning
#addict,1,tuning
#lifestyle,1,tuning
#seoul,1,tuning
#happyness,1,tuning
#nepal,1,tuning
#Sirlanka,1,tuning
#japanese,1,tuning
#Bhutan,1,tuning
#Asia,1,tuning
#assassinscreedshadows,1,tuning
#thatsojameela,1,tuning
#klookph,1,tuning
#travelkorea,1,tuning
#southkorea,1,tuning
#koreatravel,1,tuning
#seoultravel,1,tuning
#seoulkorea,1,tuning
#weddingfail,1,tuning
#mustvisit,1,tuning
#placetovisit,1,tuning
#topplacestovisit,1,tuning
#ranking,1,tuning
#momsontiktok,1,tuning
#uncle,1,tuning
#pregnancyannouncement,1,tuning
#reactie,1,tuning
#pregnant,1,tuning
#punten,1,tuning
#kassa,1,tuning
#scheemda,1,tuning
#hairfail,1,tuning
#happiness,1,tuning
#people,1,tuning
#kontrak,1,tuning
#travelmemories,1,tuning
#rainbowbridge,1,tuning
#childhood,1,tuning
#oldhorse,1,tuning
#carsoftiktok,1,tuning
#altezzanationnewzealand,1,tuning
#wörtherseetour,1,tuning
#schönezeiten,1,tuning
#summerasthetic,1,tuning
#schleswigholstein,1,tuning
#ernte,1,tuning
#naturevibes,1,tuning
#sommer,1,tuning
#ostsee,1,tuning
#heimatliebe,1,tuning
#northerngermany,1,tuning
#summeringermany,1,tuning
#cargirl,1,tuning
#carguys,1,tuning
#liebe,1,tuning
#loyalty,1,tuning
#fuel,1,tuning
#poguelandia,1,tuning
#outerbanks,1,tuning
#ipadgaming,1,tuning
#obx4,1,tuning
#obx3,1,tuning
#drewstarkey,1,tuning
#rudypankow,1,tuning
#rafecameron,1,tuning
#byegtitreffen,1,tuning
#byewörthersee,1,tuning
#gtistein,1,tuning
#weddingvibes,1,tuning
#minecraft,1,tuning
#grail,1,tuning
#nonfashion,1,tuning
#landwirt,1,tuning
#howto,1,tuning
#kulturschock,1,tuning
#knotentanz,1,tuning
#fantakorn,1,tuning
#bauernparty,1,tuning
#bauer,1,tuning
#dead,1,tuning
#limited,1,tuning
#m4csl,1,tuning
#lovestory,1,tuning
#pipifein,1,tuning
#trendweddingtiktok,1,tuning
#vehicle,1,tuning
#carhub,1,tuning
#tuning,1,tuning
#Twingo,1,tuning
#Renault,1,tuning
#twingorenault,1,tuning
#twingo1,1,tuning
#renaultwingo,1,tuning
#twingo,1,tuning
#renault,1,tuning
#gtitreffen,1,tuning
#hype,1,tuning
#jjmaybank,1,tuning
#porsche992,1,tuning
#car,1,tuning
#Achtsamkeit,1,tuning
#Hits,1,tuning
#Livestream,1,tuning
#Party,1,tuning
#80er,1,tuning
#karlsruhersportclub,1,tuning
#NurDerKSC,1,tuning
#KSC,1,tuning
#FanWelt,1,tuning
#durchstarten,1,tuning
#ZieleErreichen,1,tuning
#MindsetIstAlles,1,tuning
#LiebeDeinLeben,1,tuning
#lame,1,tuning
#achtsamkeitleben,1,tuning
#noob,1,tuning
#pro,1,tuning
#gamingroom,1,tuning
#setup,1,tuning
#gamertok,1,tuning
#controller,1,tuning
#gamingtrend,1,tuning
#moods,1,tuning
#hi,1,tuning
#gamingmeme,1,tuning
#dieterbohlen,1,tuning
#funnygaming,1,tuning
#würth,1,tuning
#kontrakfanpage,1,tuning
#ThX,1,tuning
#past,1,tuning
#xyzcba,1,tuning
#cosmiclove,1,tuning
#992gt3,1,tuning
#porschegt3,1,tuning
#gt3,1,tuning
#porsche,1,tuning
#walterwhite,1,tuning
#breakingbad,1,tuning
#outfitcheck,1,tuning
#toddlermom,1,tuning
#socialcreditsyst,1,tuning
#johnxinaof,1,tuning
#chinasocialcredit,1,tuning
#johnxinaofficial,1,tuning
#thewok,1,tuning
#viralgame,1,tuning
#chinaitaly,1,tuning
#brawlpower,1,tuning
#brawlstars,1,tuning
#wow,1,tuning
#worldofwarcraft,1,tuning
#ukraine,1,tuning
#Chinabest,1,tuning
#xijingping,1,tuning
#China,1,tuning
#chinese,1,tuning
#deutschland,1,tuning
#glorytoxijingping,1,tuning
#gamerlife,1,tuning
#pcgamer,1,tuning
#uniroom,1,tuning
#CologneCathedral,1,tuning
#KölnerDom,1,tuning
#bakery,1,tuning
#fuego,1,tuning
#guatemala,1,tuning
#jordan,1,tuning
#emergencycontact,1,tuning
#doggo,1,tuning
#wholesomemoments,1,tuning
#girlies,1,tuning
#airporttrend,1,tuning
#freeactivities,1,tuning
#rapids,1,tuning
#sauna,1,tuning
#obsessionisreal,1,tuning
#cafe,1,tuning
#bakeries,1,tuning
#chickenorbeef,1,tuning
#exploretheworld,1,tuning
#japantiktok,1,tuning
#bullettrain,1,tuning
#universalstudios,1,tuning
#neverstopexploring,1,tuning
#tokyo,1,tuning
#kyoto,1,tuning
#osaka,1,tuning
#japantravel,1,tuning
#cookies,1,tuning
#placestoeat,1,tuning
#travelphotographer,1,tuning
#bucketlisttravel,1,tuning
#flightattendant,1,tuning
#budgettravel,1,tuning
#fremantlemarkets,1,tuning
#homecomforts,1,tuning
#laos,1,tuning
#england,1,tuning
#manchester,1,tuning
#manchestercity,1,tuning
#liverpool,1,tuning
#tahiti,1,tuning
#moorea,1,tuning
#frenchpolynesia,1,tuning
#seeyousoon,1,tuning
#unconditionallove,1,tuning
#bittersweet,1,tuning
#friendshipgoals,1,tuning
#melbourne,1,tuning
#yorkshiretea,1,tuning
#albaniantiktok,1,tuning
#Dolphin,1,tuning
#motherdaughter,1,tuning
#Mandurah,1,tuning
#animal,1,tuning
#traveljapan,1,tuning
#kmarthaul,1,tuning
#kmartaustralia,1,tuning
#kmartfinds,1,tuning
#kmart,1,tuning
#funnytravel,1,tuning
#albania,1,tuning
#overseas,1,tuning
#travelcouple,1,tuning
#southfremantle,1,tuning
#pyf,1,tuning
#GermanyTravel,1,tuning
#VerstecktesBerlin,1,tuning
#indiegame,1,tuning
#tidygame,1,tuning
#münchen,1,tuning
#bremen,1,tuning
#bremencity,1,tuning
#relaxinggame,1,tuning
#hildesheim,1,tuning
#gametok,1,tuning
#mönchengladbach,1,tuning
#tiktokgames,1,tuning
#gamingtok,1,tuning
#wanderlustdeutschland,1,tuning
#BerlinTrip,1,tuning
#BerlinHighlights,1,tuning
#dusseldorf,1,tuning
#EuropaReisen,1,tuning
#BerlinDeutschland,1,tuning
#BesucheBerlin,1,tuning
#BerlinSehenswürdigkeiten,1,tuning
#BerlinEntdecken,1,tuning
#BerlinReise,1,tuning
#BucketList,1,tuning
#EuropeTrip,1,tuning
#TravelTikTok,1,tuning
#CathedralsofEurope,1,tuning
#ExploreGermany,1,tuning
#UNESCOWorldHeritage,1,tuning
#GothicArchitecture,1,tuning
#satisfyinggame,1,tuning
#aachen,1,tuning
#jb_gaming,1,tuning
#creativework,1,tuning
#oneocean,1,tuning
#davidattenborough,1,tuning
#snacks,1,tuning
#snack,1,tuning
#foodies,1,tuning
#pubg,1,tuning
#new,1,tuning
#toonblast,1,tuning
#puzzle,1,tuning
#mohanadpc,1,tuning
#daciebie,1,tuning
#zbyszekkucharski,1,tuning
#polska,1,tuning
#greatvideos,1,tuning
#krefeld,1,tuning
#leaguesoflegends,1,tuning
#answer,1,tuning
#loadout,1,tuning
#aiteoft,1,tuning
#ALittleToTheLeft,1,tuning
#cozygame,1,tuning
#puzzlegame,1,tuning
#czechia,1,tuning
#serbia,1,tuning
#aestheticgame,1,tuning
#darmstadt,1,tuning
#kielcity,1,tuning
#kiel,1,tuning
#vampireheart,1,tuning
#cartoon,1,browsing
#beachoutfit,1,tuning
#mama,1,browsing
#fast,1,browsing
#clip,1,browsing
#bestclip,1,browsing
#bestsettings,1,browsing
#AC,1,browsing
#aircon,1,browsing
#noair,1,browsing
#armywife,1,browsing
#armyspouse,1,browsing
#livingingermany,1,browsing
#livingabroad,1,browsing
#anatoly,1,browsing
#tuffjabi,1,browsing
#tvgirl,1,browsing
#hijabi,1,browsing
#bestplayer,1,browsing
#kid,1,browsing
#niche,1,browsing
#forgotfreedrinks,1,browsing
#freepalestine,1,browsing
#graduate,1,browsing
#gaza,1,browsing
#palestine,1,browsing
#doctor,1,browsing
#Kip,1,browsing
#myvideo,1,browsing
#viraltiktok,1,browsing
#unfrezzmyaccount,1,browsing
#palesemyvedioviral,1,browsing
#kruidvat,1,browsing
#kruidvatmade,1,browsing
#3859,1,browsing
#bijbaantje,1,browsing
#ruzaprenevestu,1,browsing
#esoteric,1,browsing
#caregiver,1,browsing
#mididress,1,tuning
#plscomeback,1,browsing
#ijustwantlove,1,browsing
#realshi,1,browsing
#thoitrangnu,1,browsing
#vairal,1,browsing
#seinastore,1,browsing
#phoidoxinh,1,browsing
#vay,1,browsing
#kumikumi,1,browsing
#chupanh,1,browsing
#vayxinh,1,browsing
#vayxinhnhenhang,1,browsing
#vayxinhdaopho,1,browsing
#phoido,1,browsing
#vaderenzoon,1,browsing
#truckvideos,1,browsing
#rls,1,browsing
#imissher,1,browsing
#gotobed,1,browsing
#life,1,browsing
#rugbytok,1,browsing
#britishandirishlions,1,browsing
#unitedrugbychampionship,1,browsing
#cashier,1,browsing
#work,1,browsing
#pizzeria,1,browsing
#oscarpiastri,1,browsing
#spain,1,browsing
#foryoh,1,browsing
#efteling,1,browsing
#nieuweattractie,1,browsing
#baron1898,1,browsing
#themepark,1,browsing
#attractie,1,browsing
#thatonegirl,1,browsing
#072,1,browsing
#alkmaar,1,browsing
#bootjevaren,1,browsing
#afterthefunction,1,browsing
#Máxima,1,browsing
#ariane,1,browsing
#prins,1,browsing
#prinses,1,browsing
#koningin,1,browsing
#vanoranje,1,browsing
#koninklijkhuis,1,browsing
#royals,1,browsing
#monarchy,1,browsing
#paisesbajos,1,browsing
#vorsten,1,browsing
#europa,1,browsing
#beatrix,1,browsing
#claus,1,browsing
#argentina,1,browsing
#function,1,browsing
#digitalcameraphotos,1,browsing
#fyyyyyyyyyyyyyyyy,1,browsing
#digicam,1,browsing
#dontflop,1,browsing
#stuktv,1,browsing
#jachtseizoen,1,browsing
#mostwanted,1,browsing
#selma,1,browsing
#world,1,browsing
#worldnews,1,browsing
#southamerica,1,browsing
#darkschoolmornings,1,browsing
#darkmornings,1,browsing
#schoolmornings,1,browsing
#comment,1,browsing
#editme,1,browsing
#lamarjackson,1,browsing
#digitalcamera,1,browsing
#zorreguieta,1,browsing
#matrimonio,1,browsing
#princessalexia,1,browsing
#princessamalia,1,browsing
#robotclean,1,browsing
#cleantok,1,browsing
#gadget,1,browsing
#robotmop,1,browsing
#eufy,1,browsing
#eufyvacuum,1,browsing
#eufyEseries,1,browsing
#eufyHydroJet,1,browsing
#honourthecraving,1,browsing
#AD,1,browsing
#austria,1,browsing
#kimiantonelli,1,browsing
#drelee,1,browsing
#squidgame333,1,browsing
#genes,1,browsing
#cleaning,1,browsing
#robotvaccum,1,browsing
#robot,1,browsing
#bsas,1,browsing
#princessariane,1,browsing
#holland,1,browsing
#princesses,1,browsing
#kroonprinses,1,browsing
#kroonprinsesamalia,1,browsing
#buenosaires,1,browsing
#sevilla,1,browsing
#eufyE28,1,browsing
#boete,1,browsing
#ayiahsoufi,1,browsing
#zara,1,browsing
#zarajeans,1,browsing
#foryoupageofficiall,1,browsing
#preppy,1,browsing
#scania,1,browsing
#cutness,1,browsing
#familie,1,browsing
#lindy,1,browsing
#ladyyy,1,browsing
#prengel,1,browsing
#pokemoncommunity,1,browsing
#pokemonmeme,1,browsing
#pokemon,1,browsing
#pokemontiktok,1,browsing
#pokemonfan,1,browsing
#itztravv,1,browsing
#older,1,browsing
#teachercrush,1,browsing
#teacherspet,1,browsing
#MIKEWHEELER,1,browsing
#finnwolfhard,1,browsing
#strangerthings,1,browsing
#xyzbcafypシ,1,browsing
#philly,1,browsing
#benchpress,1,browsing
#lashpatisserie,1,browsing
#stuffedanimals,1,browsing
#lash,1,browsing
#clusters,1,browsing
#diylashes,1,browsing
#siblingsgoals,1,browsing
#nightvison,1,browsing
#nerfwars,1,browsing
#nerfwar,1,browsing
#nightvisongoggles,1,browsing
#scope,1,browsing
#utah,1,browsing
#golfgirls,1,browsing
#god,1,browsing
#faithingod,1,browsing
#chatmo,1,browsing
#voodou,1,browsing
#MilanvsFeyenoord,1,browsing
#reminder,1,browsing
#death,1,browsing
#temporarylife,1,browsing
#grossesse2023,1,browsing
#accouchement,1,browsing
#mamansolo,1,browsing
#maternite,1,browsing
#fryskevlogger,1,browsing
#friesland,1,browsing
#frysk,1,browsing
#leeuwarden,1,browsing
#satesfying,1,browsing
#goodvibes,1,browsing
#handball,1,browsing
#gymproblems,1,browsing
#redbullracing,1,browsing
#vooru,1,browsing
#fypagetiktok,1,browsing
#bebe2024,1,browsing
#jeunemaman,1,browsing
#momlife,1,browsing
#borrowedtime,1,browsing
#islamicreminder,1,browsing
#janazah,1,browsing
#themuslimundertaker,1,browsing
#socks,1,browsing
#hadith,1,browsing
#travelers,1,browsing
#carspotting,1,browsing
#fupシ,1,browsing
#koenigsegg,1,browsing
#jackneel,1,browsing
#mrbelmar,1,browsing
#podcasts,1,browsing
#jeriyah,1,browsing
#narutoedit,1,browsing
#summersale,1,browsing
#nataliereynolds,1,browsing
#schotpoortcontainertransport,1,browsing
#duinrell,1,browsing
#piratesofthecaribbean,1,browsing
#jacksparrow,1,browsing
#helicopter,1,browsing
#airplane,1,browsing
#britian,1,browsing
#british,1,browsing
#ukcomedy,1,browsing
#britisharmy,1,browsing
#mishandeling,1,browsing
#tips,1,browsing
#politierotterdam,1,browsing
#akshayaudayakumar,1,browsing
#akshaya,1,browsing
#kukku,1,browsing
#Love,1,browsing
#archistackt,1,browsing
#pointe,1,browsing
#brookemonk,1,browsing
#shoes,1,browsing
#Altena,1,browsing
#bored,1,browsing
#weightlifting,1,browsing
#sassy,1,browsing
#competition,1,browsing
#haleydebee,1,browsing
#grandma,1,browsing
#clockitai,1,browsing
#wyattissues,1,browsing
#schipholairport,1,browsing
#viggo,1,browsing
#grondstewardess,1,browsing
#selftaught,1,browsing
#ballet,1,browsing
#ballerina,1,browsing
#cutestone,1,browsing
#mrllime,1,browsing
#kalogerassisters,1,browsing
#sundaykalogeras,1,browsing
#hozier,1,browsing
#summerinthenetherlands,1,browsing
#Amsterdam,1,browsing
#hossamahmed,1,browsing
#EUE,1,browsing
#logo,1,browsing
#logodesign,1,browsing
#namelogo,1,browsing
#namelogochallenge,1,browsing
#namelogodesign,1,browsing
#namelogos,1,browsing
#logoname,1,browsing
#logochallenge,1,browsing
#logos,1,browsing
#prompt,1,browsing
#dancerscomeinallsizes,1,browsing
#crf250r,1,browsing
#ufc317,1,browsing
#havo,1,browsing
#doubledate,1,browsing
#nohuzz,1,browsing
#lonely,1,browsing
#bff,1,browsing
#mvoie,1,browsing
#loser,1,browsing
#vavo,1,browsing
#joshuavan,1,browsing
#textstory,1,browsing
#somalitiktok,1,browsing
#googleveo,1,browsing
#UFC,1,browsing
#Flyweight,1,browsing
#mma,1,browsing
#solution,1,browsing
#problems,1,browsing
#pretty,1,browsing
#diemen,1,browsing
#groen,1,browsing
#horse,1,browsing
#equestrian,1,browsing
#horsegirl,1,browsing
#horseriding,1,browsing
#horsejumping,1,browsing
#tall,1,browsing
#model,1,browsing
#Foryoupage,1,browsing
#curlygirl,1,browsing
#straighthair,1,browsing
#Aesthetic,1,browsing
#beauty,1,browsing
#fypviralシ,1,browsing
#police,1,browsing
#rood,1,browsing
#mercedesc350,1,browsing
#corecore,1,browsing
#mercedesbenz,1,browsing
#fastfoodworkers,1,browsing
#chefliang,1,browsing
#deorchidee,1,browsing
#9jarigbestaan,1,browsing
#vieren,1,browsing
#aziatisch,1,browsing
#kokem,1,browsing
#chef,1,browsing
#event,1,browsing
#modellenoproep,1,browsing
#nextangel,1,browsing
#modellengezocht,1,browsing
#teen,1,browsing
#loversbyheaven,1,browsing
#dutchdashcam,1,browsing
#millionaire,1,browsing
#floor,1,browsing
#graduation,1,browsing
#squidgames,1,browsing
#Running,1,browsing
#athletetok,1,browsing
#Fitness,1,browsing
#foodisfuel,1,browsing
#runnergirl,1,browsing
#runnerthings,1,browsing
#runningoutfit,1,browsing
#workout,1,browsing
#exercise,1,browsing
#GymTok,1,browsing
#fitnessmotivation,1,browsing
#runningmotivation,1,browsing
#runningshoes,1,browsing
#runningtiktok,1,browsing
#runningcommunity,1,browsing
#runner,1,browsing
#miles,1,browsing
#longdistancerunner,1,browsing
#athletes,1,browsing
#squidgames3,1,browsing
#gihun,1,browsing
#richbutsad,1,browsing
#curalblowup,1,browsing
#vlow,1,browsing
#trackandfield,1,browsing
#studentathlete,1,browsing
#distancerunner,1,browsing
#athletelife,1,browsing
#athletesoftiktok,1,browsing
#crosscountry,1,browsing
#xc,1,browsing
#xctf,1,browsing
#crosscountryrunner,1,browsing
#retailproblems,1,browsing
#nato,1,browsing
#raceday,1,browsing
#bloodlines,1,browsing
#soccertiktok,1,browsing
#nealkennedy,1,browsing
#african,1,browsing
#portuguese,1,browsing
#portugal,1,browsing
#french,1,browsing
#france,1,browsing
#zulu,1,browsing
#sitswana,1,browsing
#shangani,1,browsing
#sepedi,1,browsing
#setswana,1,browsing
#vienna,1,browsing
#AI,1,browsing
#rs3,1,browsing
#ifykyk,1,browsing
#finaldestinationbloodlinesmovie,1,browsing
#politics,1,browsing
#thomaskuc,1,browsing
#velocity,1,browsing
#capcutvelocity,1,browsing
#lyrics,1,browsing
#templatecapcut,1,browsing
#sz_template,1,browsing
#shakeittothemax,1,browsing
#date,1,browsing
#duikelientje,1,browsing
#jufnalientjee,1,browsing
#mijnkind,1,browsing
#mymain,1,browsing
#gameshakers,1,browsing
#creecicchino,1,browsing
#babecarano,1,browsing
#benjaminfloresjr,1,browsing
#hijab,1,browsing
#siliconemask,1,browsing
#cosplay,1,browsing
#masks,1,browsing
#fpy,1,browsing
#comedie,1,browsing
#forypupage,1,browsing
#universultiktok,1,browsing
#croatia,1,browsing
#cedevita,1,browsing
#Fatbike,1,browsing
#Politie,1,browsing
#verjaardag,1,browsing
#tracktok,1,browsing
#Madrid2025,1,browsing
#EuropeanTeamChamps2025,1,browsing
#workinginretail,1,browsing
#news,1,browsing
#trump,1,browsing
#strength,1,browsing
#rugby,1,browsing
#graduating,1,browsing
#ipadapp,1,browsing
#realistic,1,browsing
#jacobmorgan,1,browsing
#analoghorror,1,browsing
#renaissance,1,browsing
#app,1,browsing
#ipad,1,browsing
#Overtreders,1,browsing
#sandwich,1,browsing
#ilovemygf,1,browsing
#pvckliktegel,1,browsing
#JuventusvsPSV,1,browsing
#golftiktok,1,browsing
#putt,1,browsing
#flag,1,browsing
#race,1,browsing
#racing,1,browsing
#mad,1,browsing
#makethisviral,1,browsing
#черлідінг,1,browsing
#мійтанець,1,browsing
#рекомендації,1,browsing
#movietheater,1,browsing
#f1themovie,1,browsing
#checoperez,1,browsing
#dutch,1,browsing
#furdich,1,browsing
#xxxtentacion,1,browsing
#usamusic,1,browsing
#autotune,1,browsing
#noautotune,1,browsing
#comedy,1,browsing
#datenight,1,browsing
#pending,1,browsing
#випуск2025,1,browsing
#dutchtiktok,1,browsing
#donnedesailes,1,browsing
#babytiktok,1,browsing
#redbullveleau,1,browsing
#map,1,browsing
#nowyouknow,1,browsing
#maps,1,browsing
#geotok,1,browsing
#learning,1,browsing
#geography,1,browsing
#flodder,1,browsing
#kees,1,browsing
#maflodder,1,browsing
#feestje,1,browsing
#begravenis,1,browsing
#aibaby,1,browsing
#aiartwork,1,browsing
#whattowatch,1,browsing
#money,1,browsing
#reselling,1,browsing
#smooth,1,browsing
#fired,1,browsing
#DareToDream,1,browsing
#pumpfake,1,browsing
#bucket,1,browsing
#womensbasketball,1,browsing
#elenabuenavida,1,browsing
#gaviraal,1,browsing
#makeusfamous,1,browsing
#cords,1,browsing
#honors,1,browsing
#secondaccount,1,browsing
#koningsspelen,1,browsing
#dancing,1,browsing
#aurafarming,1,browsing
#girl,1,browsing
#screaming,1,browsing
#EuroBasketWomen,1,browsing
#phonk,1,browsing
#mustard,1,browsing
#fathersday,1,browsing
#butter,1,browsing
#plane,1,browsing
#b737,1,browsing
#duopennotti,1,browsing
#joke,1,browsing
#h3l,1,browsing
#diadelpadre2025,1,browsing
#generalknowledge,1,browsing
#68,1,browsing
#america,1,browsing
#movie,1,browsing
#quizchallenge,1,browsing
#DailyQuiz,1,browsing
#funquiz,1,browsing
#energydrink,1,browsing
#geeftjevleugels,1,browsing
#indoortrack,1,browsing
#siblings,1,browsing
#snitch,1,browsing
#rat,1,browsing
#prime,1,browsing
#dansampson,1,browsing
#danieljosephsampson,1,browsing
#breakingnews,1,browsing
#fypuk,1,browsing
#go,1,browsing
#minicamera,1,browsing
#90saesthetic,1,browsing
#keychain,1,browsing
#seconddateupdate,1,browsing
#toyotayarisgr,1,browsing
#minicooper,1,browsing
#seatleonfr,1,browsing
#candace,1,browsing
#myall,1,browsing
#givesyouwings,1,browsing
#raw,1,browsing
#royal,1,browsing
#princess,1,browsing
#thenetherlands,1,browsing
#lesbian,1,browsing
#grad,1,browsing
#missu,1,browsing
#MensLeggings,1,browsing
#EdgyStreetwearLook,1,browsing
#KapowMeggings,1,browsing
#tiktoktips,1,browsing
#socialmediamarketing,1,browsing
#200kviews,1,browsing
#howtogoviral,1,browsing
#theojames,1,browsing
#husband,1,browsing
#seatibizafr,1,browsing
#peugeot308gt,1,browsing
#skodafabia,1,browsing
#mg7,1,browsing
#koningsdag,1,browsing
#hetlevenisgeenponykamp,1,browsing
#benjijalfanvanmelenden,1,browsing
#slickcityactionpark,1,browsing
#avarelat3s,1,browsing
#tatcha,1,browsing
#imtalkinboutinnnitt,1,browsing
#vuncle205,1,browsing
#politienederland,1,browsing
#stopforaminuteandsmile,1,browsing
#trendjevolgen,1,browsing
#herkansing,1,browsing
#gezakt,1,browsing
#geslaagd,1,browsing
#VAVO,1,browsing
#festival,1,browsing
#feesten,1,browsing
#katertje,1,browsing
#chauffeur,1,browsing
#audirs3,1,browsing
#fcbarcelona,1,browsing
#futebol,1,browsing
#trickshot,1,browsing
#touringcarchauffeur,1,browsing
#touringcar,1,browsing
#chauffeuse,1,browsing
#slaapcabine,1,browsing
#buschauffeur,1,browsing
#tirzaontour,1,browsing
#levenopwielen,1,browsing
#onderweg,1,browsing
#reizen,1,browsing
#trucker,1,browsing
#voorjoupage,1,browsing
#foryouuu,1,browsing
#nederlands,1,browsing
#davidgoggins,1,browsing
#growth,1,browsing
#99problems1solution,1,browsing
#besties,1,browsing
#hospitallife,1,browsing
#hospital,1,browsing
#nurseintern,1,browsing
#nursing,1,browsing
#futureRN,1,browsing
#2025nursegrad,1,browsing
#studentnurse,1,browsing
#nursingstudent,1,browsing
#futurenurse,1,browsing
#studentnurselife,1,browsing
#healthcare,1,browsing
#healthcareworker,1,browsing
#relentless,1,browsing
#dicipline,1,browsing
#troll,1,browsing
#selfimprovement,1,browsing
#realism,1,browsing
#art3d,1,browsing
#9monthsold,1,browsing
#babyactivity,1,browsing
#sensoryactivity,1,browsing
#highschool,1,browsing
#carpfishing,1,browsing
#casting,1,browsing
#surfcasting,1,browsing
#createrinsight,1,browsing
#relateable,1,browsing
#creatorinsughttools,1,browsing
#abcxyz,1,browsing
#tan,1,browsing
#spf,1,browsing
#nurse,1,browsing
#eyes,1,browsing
#eye,1,browsing
#eyetrend,1,browsing
#parati,1,browsing
#cats,1,browsing
#cutecats,1,browsing
#funnyanimals,1,browsing
#funnycat,1,browsing
#funnypets,1,browsing
#allinclusive,1,browsing
#home,1,browsing
#dubailiving,1,browsing
#mason67,1,browsing
#sixsevenn,1,browsing
#masonbaseball,1,browsing
#67,1,browsing
#jakeytv,1,browsing
#shortfilm,1,browsing
#ornah,1,browsing
#xo,1,browsing
#theweeknd,1,browsing
#fypツviral,1,browsing
#shakeyeyes,1,browsing
#nystagmus,1,browsing
#eyetricks,1,browsing
#eyetrick,1,browsing
#8percent,1,browsing
#trendiing,1,browsing
#homeremodel,1,browsing
#abeltesfaye,1,browsing
#homeaddition,1,browsing
#remodelingcontractors,1,browsing
#ishowspeedclipz,1,browsing
#pogba,1,browsing
#lifeinamsterdam,1,browsing
#heatwaveinthenetherlands,1,browsing
#drawings,1,browsing
#radio,1,browsing
#UFC317,1,browsing
#gymbro,1,browsing
#laurensanchez,1,browsing
#jeffbezos,1,browsing
#billionaire,1,browsing
#weddingtiktok,1,browsing
#McLaren,1,browsing
#F1,1,browsing
#tatemcrae,1,browsing
#tickets,1,browsing
#sister,1,browsing
#tatemcraetour,1,browsing
#content,1,browsing
#viralditiktok,1,browsing
#southafricatiktok,1,browsing
#couplestiktok,1,browsing
#speed,1,browsing
#gymrat,1,browsing
#minsu,1,browsing
#thejubalshow,1,browsing
#snapchat,1,browsing
#bewaker,1,browsing
#nijmegen,1,browsing
#club,1,browsing
#drinken,1,browsing
#nightclub,1,browsing
#2000sfashion,1,browsing
#y2kfashion,1,browsing
#2000sthrowback,1,browsing
#gabriellesolis,1,browsing
#almarey,1,browsing
#desperatehousewives,1,browsing
#elenagilbert,1,browsing
#bellaswan,1,browsing
#missmejeans,1,browsing
#huzz,1,browsing
#noahlyles,1,browsing
#2ndplace,1,browsing
#povseries,1,browsing
#100metersprint,1,browsing
#redditredings,1,browsing
#peach,1,browsing
#candy,1,browsing
#slam,1,browsing
#hardhitterzuk,1,browsing
#fietsen,1,browsing
#barberhouston,1,browsing
#houstonfade,1,browsing
#taperfade,1,browsing
#haircut,1,browsing
#blowouttaper,1,browsing
#barbergame,1,browsing
#theo,1,browsing
#lightning,1,browsing
#Trending,1,browsing
#grotegezinnen,1,browsing
#ongeluk,1,browsing
#kozijn,1,browsing
#Capcut,1,browsing
#thundermans,1,browsing
#secret_acount,1,browsing
#quinceañera,1,browsing
#aurapoints,1,browsing
#falling,1,browsing
#boiii,1,browsing
#aifilter,1,browsing
#familiejelies,1,browsing
#capcutpioneer,1,browsing
#pioneertemplate,1,browsing
#tattoo,1,browsing
#dumb,1,browsing
#redbull,1,browsing
#jelies,1,browsing
#spooky,1,browsing
#antoniagentry,1,browsing
#waitersbelike,1,browsing
#korea,1,browsing
#kdrama,1,browsing
#shibal,1,browsing
#respect,1,browsing
#respectwomen,1,browsing
#unfreezmyaccount,1,browsing
#respectvideos,1,browsing
#respectmoments,1,browsing
#aiart,1,browsing
#recedinghairline,1,browsing
#truth,1,browsing
#jesusisking,1,browsing
#jesussaves,1,browsing
#capcut,1,browsing
#capcutedit,1,browsing
#dinnerideas,1,browsing
#korean,1,browsing
#lporsche,1,browsing
#nbacontent,1,browsing
#howmanyaunties,1,browsing
#weddingday,1,browsing
#battlefront,1,browsing
#battlefront2,1,browsing
#starwars,1,browsing
#darthvader,1,browsing
#darthmaul,1,browsing
#battlefront3,1,browsing
#capri,1,browsing
#instagram,1,browsing
#ask,1,browsing
#LearnOnTikTok,1,browsing
#satisfying,1,browsing
#relaxing,1,browsing
#babyshower,1,browsing
#notthemomma,1,browsing
#dishupdinnerwithme,1,browsing
#dud,1,browsing
#pasta,1,browsing
#RoadTo18M,1,browsing
#112nieuws,1,browsing
#browngirl,1,browsing
#desi,1,browsing
#brown,1,browsing
#browntiktok,1,browsing
#saree,1,browsing
#browntok,1,browsing
#desitok,1,browsing
#cousin,1,browsing
#skydive,1,tuning
#cancersucks,1,tuning
#skydiver,1,tuning
#colorfuloutfit,1,tuning
#coordset,1,tuning
#heatwave,1,tuning
#oisterwijk,1,browsing
#zante,1,browsing
#karmabeachclub,1,browsing
#shark,1,browsing
#Pubity,1,browsing
#sewing,1,browsing
#sewingtiktok,1,browsing
#crochet,1,browsing
#joshua9ine,1,browsing
#reletable,1,browsing
#clashroyale,1,browsing
#ishowspeed,1,browsing
#cr,1,browsing
#crgiftok,1,browsing
#jynxzi,1,browsing
#ryley,1,browsing
#renaldo,1,browsing
#sui,1,browsing
#targeraudience,1,browsing
#nba,1,browsing
#briannehowey,1,browsing
#oddlysatisfying,1,browsing
#madhattermtl,1,browsing
#bar,1,browsing
#bartender,1,browsing
#colleagues,1,browsing
#xyz,1,browsing
#jsm1st,1,browsing
#griffrule,1,browsing
#spongebob,1,browsing
#fure,1,browsing
#manchetser,1,browsing
#tanken,1,browsing
#benzine,1,browsing
#vrouwen,1,browsing
#zip,1,browsing
#vespa,1,browsing
#fruitcutting,1,browsing
#asmrsounds,1,browsing
#sportsedit,1,browsing
#nederlandsememes,1,browsing
#ginnyandgeorgiaseason3,1,browsing
#whatwasimadefor,1,browsing
#girlhoodcore,1,browsing
#ferret,1,browsing
#entrepreneur,1,browsing
#moneytok,1,browsing
#onlinebusiness,1,browsing
#dropshipping,1,browsing
#ecommerce,1,browsing
#MeeOpVakantie,1,browsing
#WieNeemJijMee,1,browsing
#DezeNamenKlopt,1,browsing
#AltijdGezelligMet,1,browsing
#askboutjayy25,1,browsing
#internetgekkies,1,browsing
#santini,1,browsing
#Pet,1,browsing
#dogs,1,browsing
#goodpets,1,browsing
#didyouknow,1,browsing
#zorghelden,1,browsing
#ouderenzorg,1,browsing
#zorg,1,browsing
#dementia,1,browsing
#dagbesteding,1,browsing
#inspiratie,1,browsing
#heavenlydesserts,1,browsing
#sheffield,1,browsing
#cristianoronaldo,1,browsing
#realmadrid,1,browsing
#shorts,1,browsing
#kobebryant,1,browsing
#messi,1,browsing
#commercial,1,browsing
#wendyortiz,1,browsing
#ml,1,browsing
#unitedstates,1,browsing
#strawberry,1,browsing
#dog,1,browsing
#Thrilling,1,browsing
#pentrutine,1,browsing
#dogsoftiktok,1,browsing
#A,1,browsing
#friedchicken,1,browsing
#strawberries,1,browsing
#parties,1,browsing
#burger,1,browsing
#icecream,1,browsing
#oldham,1,browsing
#catfunny,1,browsing
#catsoftiktok,1,browsing
#thatoneguy,1,browsing
#security,1,browsing
#funnyrelatable,1,browsing
#voorjullie,1,browsing
#pencildrawing,1,browsing
#linedrawing,1,browsing
#artvideo,1,browsing
#rangolivideo,1,browsing
#artvideos,1,browsing
#blippivideos,1,browsing
#satisfyingvideo,1,browsing
#kidstoysvideos,1,browsing
#satisfyingvideos,1,browsing
#artideas,1,browsing
#breda,1,browsing
#embarrassing,1,browsing
#goodboy,1,browsing
#gianniadinna,1,browsing
#bigfoot,1,browsing
#cancun,1,browsing
#lovedrawing,1,browsing
#learndrawing,1,browsing
#taylorswift,1,browsing
#easydrawing,1,browsing
#babymetal,1,browsing
#boringcity,1,browsing
#longterm,1,browsing
#flirting,1,browsing
#baker,1,browsing
#baking,1,browsing
#cake,1,browsing
#cakedecorating,1,browsing
#cakedecorator,1,browsing
#howtocutacake,1,browsing
#tallcake,1,browsing
#drawing,1,browsing
#drawinglessonsforkids,1,browsing
#drawingforkids,1,browsing
#drawingtutorial,1,browsing
#TravelTiktok,1,browsing
#GirlsWhoTravel,1,browsing
#rouandyt,1,browsing
#Amersfoort,1,browsing
#footballskills,1,browsing
#soccerskills,1,browsing
#technique,1,browsing
#dumpert,1,browsing
#amersfoort,1,browsing
#mot,1,browsing
#kungfu,1,browsing
#duurbel,1,browsing
#ringdoorbell,1,browsing
#cbr,1,browsing
#juliannewman,1,browsing
#bigfriendgroup,1,browsing
#fallapart,1,browsing
#flpシ,1,browsing
#photoshop,1,browsing
#footwork,1,browsing
#skill,1,browsing
#skills,1,browsing
#perperson,1,browsing
#jet2holidays,1,browsing
#darlingholdmyhand,1,browsing
#nothingbeatsajet2holiday,1,browsing
#andrightnow,1,browsing
#youcansave,1,browsing
#50pounds,1,browsing
#thats200poundsofforafamilyof4,1,browsing
#repost,1,browsing
#momentbeforedisaster,1,browsing
#quadrobics,1,browsing
#backmuscles,1,browsing
#biceps,1,browsing
#wet,1,browsing
#bald,1,browsing
#mcr,1,browsing
#katseye,1,browsing
#photoshopediting,1,browsing
#hawthorn,1,browsing
#nailtransition,1,browsing
#stilettonails,1,browsing
#beginnernailtech,1,browsing
#house,1,browsing
#housemd,1,browsing
#gregoryhouse,1,browsing
#hughlaurie,1,browsing
#drhouse,1,browsing
#2016,1,browsing
#2010s,1,browsing
#worstday,1,browsing
#libero,1,browsing
#d1athlete,1,browsing
#dmoon,1,browsing
#collegeathlete,1,browsing
#nails,1,browsing
#AFL,1,browsing
#dragqueen,1,browsing
#babytalking,1,browsing
#voorjoupaginaforyou,1,browsing
#voorjouw,1,browsing
#core,1,browsing
#MemeCut,1,browsing
#WEURO2025,1,browsing
#WEURO2022,1,browsing
#Oranje,1,browsing
#OranjeLeeuwinnen,1,browsing
#SheridaSpitse,1,browsing
#tigerparents,1,browsing
#medicalschool,1,browsing
#lawschool,1,browsing
#collegedropout,1,browsing
#smoothie,1,browsing
#smoothiebowl,1,browsing
#dnatest,1,browsing
#fails,1,browsing
#rainbow,1,browsing
#cupstacking,1,browsing
#strijp,1,browsing
#irritatie,1,browsing
#luziwei,1,browsing
#mem,1,browsing
#target,1,browsing
#toilet,1,browsing
#bathroom,1,browsing
#goals,1,browsing
#grid,1,browsing
#acting,1,browsing
#dharman,1,browsing
#badacting,1,browsing
#hudabeauty,1,browsing
#huda,1,browsing
#yagirlgabby_,1,browsing
#firenze,1,browsing
#ijssalonfirenze,1,browsing
#ijssalon,1,browsing
#musica,1,browsing
#speedstacks,1,browsing
#rapidcups,1,browsing
#seanhensley,1,browsing
#fineshyt,1,browsing
#portablespeaker,1,browsing
#bluetooth,1,browsing
#rap,1,browsing
#ashtonhall,1,browsing
#bass,1,browsing
#minispeaker,1,browsing
#echo,1,browsing
#watermelon,1,browsing
#manoftheyear,1,browsing
#grow,1,browsing
#revenge,1,browsing
#fruit,1,browsing
#comedytrending,1,browsing
#easyrecipes,1,browsing
#milkshake,1,browsing
#shein,1,browsing
#dupeparfum,1,browsing
#viralsounds,1,browsing
#tik_tok,1,browsing
#baconavacado,1,browsing
#kennisquiz,1,browsing
#weetjes,1,browsing
#contentcreator,1,browsing
#cambodja,1,browsing
#knowledge,1,browsing
#vlaggen,1,browsing
#luxemburg,1,browsing
#pizza,1,browsing
#roleplay,1,browsing
#easyrecipe,1,browsing
#ihatemybf,1,browsing
#duo,1,browsing
#stantwt,1,browsing
#newyorkstrip,1,browsing
#striploin,1,browsing
#rare,1,browsing
#steaklover,1,browsing
#steak,1,browsing
#steaktiktok,1,browsing
#dxb,1,browsing
#emirates,1,browsing
#middleeastern,1,browsing
#Dolfinarium,1,browsing
#dolfijnen,1,browsing
#NOSstories,1,browsing
#jumbobathmen,1,browsing
#bizar,1,browsing
#absurd,1,browsing
#longdistancerelationship,1,browsing
#couples,1,browsing
#coke,1,browsing
#michaeljackson,1,browsing
#billieeilishtour,1,browsing
#viraltt,1,browsing
#herplaats,1,browsing
#lachen,1,browsing
#opdezedag,1,browsing
#volgen,1,browsing
#lisa,1,browsing
#opgesloten,1,browsing
#buiten,1,browsing
#poort,1,browsing
#buitenopgesloten,1,browsing
#DutchGP,1,browsing
#MotoGP,1,browsing
#CormacBuchanan,1,browsing
#Moto3,1,browsing
#billieeilishfans,1,browsing
#billieeilishedit,1,browsing
#finneas,1,browsing
#cheetahspeed,1,browsing
#dietcoke,1,browsing
#michael,1,browsing
#jackson,1,browsing
#Sprint,1,browsing
#fastestmanalive,1,browsing
#trackspeed,1,browsing
#oceanography,1,browsing
#hoofdpijn,1,browsing
#help,1,browsing
#dashcamvideos,1,browsing
#haast,1,browsing
#dashcamnederland,1,browsing
#maandag,1,browsing
#roodlicht,1,browsing
#miniso,1,browsing
#darkskin,1,browsing
#zahide,1,browsing
#findhim,1,browsing
#newyorkcity,1,browsing
#isaacsamz,1,browsing
#iykyk,1,browsing
#netherands,1,browsing
#history,1,browsing
#geopolitics,1,browsing
#spents,1,browsing
#loveislandusa,1,browsing
#fly,1,browsing
#brautiful,1,browsing
#amazing,1,browsing
#avaitation,1,browsing
#couplegoals,1,browsing
#fame,1,browsing
#player044,1,browsing
#iwasforcedtopostthis,1,browsing
#insta360,1,browsing
#lightskin,1,browsing
#asmrvideos,1,browsing
#yamal,1,browsing
#innit,1,browsing
#TravelingTable,1,browsing
#vader,1,browsing
#beachvolley,1,browsing
#beachvolleyball,1,browsing
#lifesabeachcamps,1,browsing
#volei,1,browsing
#voleibol,1,browsing
#voleybol,1,browsing
#voleidepraia,1,browsing
#plajvoleybolu,1,browsing
#robinsonclub,1,browsing
#robinsonnoonu,1,browsing
#maldives,1,browsing
#onepiece,1,browsing
#kaido,1,browsing
#luffy,1,browsing
#wano,1,browsing
#MapLover,1,browsing
#MapArt,1,browsing
#MappingCommunity,1,browsing
#FYP,1,browsing
#ForYou,1,browsing
#ForYouPage,1,browsing
#ViralVideo,1,browsing
#TrendingNow,1,browsing
#BeforeAndAfter,1,browsing
#MapTransformation,1,browsing
#CustomMap,1,browsing
#EducationalContent,1,browsing
#Informative,1,browsing
#swear,1,browsing
#words,1,browsing
#GeographyNerd,1,browsing
#AltHistory,1,browsing
#Geopolitics,1,browsing
#PoliticalMap,1,browsing
#onepieceedit,1,browsing
#blue_haki,1,browsing
#GeoMapping,1,browsing
#Mapping,1,browsing
#MapTok,1,browsing
#Cartography,1,browsing
#WorldMap,1,browsing
#GeoEdits,1,browsing
#MapEdit,1,browsing
#CountryMapping,1,browsing
#MapDesign,1,browsing
#HistoricalMapping,1,browsing
#Geography,1,browsing
#HistoryTok,1,browsing
#styles,1,tuning
